2770,PAVP_Group_TNGB0EPIDTEST_Public_Keys.bin,0
2858,PAVP_Group_ANNB0EPIDTEST_Public_Keys.bin,0
2859,PAVP_Group_ANNB0EPIDProd_Public_Keys.bin,0
2860,PAVP_Group_ANNB0EPIDProd_Public_Keys.bin,392
2861,PAVP_Group_ANNB0EPIDProd_Public_Keys.bin,784
2862,PAVP_Group_ANNB0EPIDProd_Public_Keys.bin,1176
2863,PAVP_Group_ANNB0EPIDProd_Public_Keys.bin,1568
2864,PAVP_Group_ANNB0EPIDProd_Public_Keys.bin,1960
2865,PAVP_Group_ANNB0EPIDProd_Public_Keys.bin,2352
2866,PAVP_Group_ANNB0EPIDProd_Public_Keys.bin,2744
2867,PAVP_Group_ANNB0EPIDProd_Public_Keys.bin,3136
2868,PAVP_Group_ANNB0EPIDProd_Public_Keys.bin,3528
2869,PAVP_Group_ANNB0EPIDProd_Public_Keys.bin,3920
2870,PAVP_Group_ANNB0EPIDProd_Public_Keys.bin,4312
2871,PAVP_Group_ANNB0EPIDProd_Public_Keys.bin,4704
2872,PAVP_Group_ANNB0EPIDProd_Public_Keys.bin,5096
2873,PAVP_Group_ANNB0EPIDProd_Public_Keys.bin,5488
2874,PAVP_Group_ANNB0EPIDProd_Public_Keys.bin,5880
2875,PAVP_Group_ANNB0EPIDProd_Public_Keys.bin,6272
2876,PAVP_Group_ANNB0EPIDProd_Public_Keys.bin,6664
2877,PAVP_Group_ANNB0EPIDProd_Public_Keys.bin,7056
2878,PAVP_Group_ANNB0EPIDProd_Public_Keys.bin,7448
2879,PAVP_Group_ANNB0EPIDProd_Public_Keys.bin,7840
2880,PAVP_Group_ANNB0EPIDProd_Public_Keys.bin,8232
2881,PAVP_Group_ANNB0EPIDProd_Public_Keys.bin,8624
2882,PAVP_Group_ANNB0EPIDProd_Public_Keys.bin,9016
2883,PAVP_Group_ANNB0EPIDProd_Public_Keys.bin,9408
2884,PAVP_Group_ANNB0EPIDProd_Public_Keys.bin,9800
2885,PAVP_Group_ANNB0EPIDProd_Public_Keys.bin,10192
2886,PAVP_Group_ANNB0EPIDProd_Public_Keys.bin,10584
2887,PAVP_Group_ANNB0EPIDProd_Public_Keys.bin,10976
2888,PAVP_Group_ANNB0EPIDProd_Public_Keys.bin,11368
2889,PAVP_Group_ANNB0EPIDProd_Public_Keys.bin,11760
2890,PAVP_Group_ANNB0EPIDProd_Public_Keys.bin,12152
2891,PAVP_Group_ANNB0EPIDProd_Public_Keys.bin,12544
2892,PAVP_Group_ANNB0EPIDProd_Public_Keys.bin,12936
2893,PAVP_Group_ANNB0EPIDProdCatA_Public_Keys.bin,0
2894,PAVP_Group_ANNB0EPIDProdCatA_Public_Keys.bin,392
2895,PAVP_Group_ANNB0EPIDProdCatA_Public_Keys.bin,784
2896,PAVP_Group_ANNB0EPIDProdCatA_Public_Keys.bin,1176
2897,PAVP_Group_ANNB0EPIDProdCatA_Public_Keys.bin,1568
2898,PAVP_Group_ANNB0EPIDProdCatA_Public_Keys.bin,1960
2899,PAVP_Group_ANNB0EPIDProdCatA_Public_Keys.bin,2352
2900,PAVP_Group_ANNB0EPIDProdCatA_Public_Keys.bin,2744
2901,PAVP_Group_ANNB0EPIDProdCatA_Public_Keys.bin,3136
2902,PAVP_Group_ANNB0EPIDProdCatA_Public_Keys.bin,3528
2903,PAVP_Group_ANNB0EPIDProdCatA_Public_Keys.bin,3920
2904,PAVP_Group_ANNB0EPIDProdCatA_Public_Keys.bin,4312
2905,PAVP_Group_ANNB0EPIDProdCatA_Public_Keys.bin,4704
2906,PAVP_Group_ANNB0EPIDProdCatA_Public_Keys.bin,5096
2907,PAVP_Group_ANNB0EPIDProdCatA_Public_Keys.bin,5488
2908,PAVP_Group_ANNB0EPIDProdCatA_Public_Keys.bin,5880
2909,PAVP_Group_ANNB0EPIDProdCatA_Public_Keys.bin,6272
